<?xml version="1.0" encoding="UTF-8" ?>
<!DOCTYPE mapper PUBLIC "-//mybatis.org//DTD Mapper 3.0//EN" 
	"http://mybatis.org/dtd/mybatis-3-mapper.dtd">
	
<mapper namespace="com.ssafy.happyhouse.model.mapper.UserMapper">
	
	<select id="selectOneUserById" parameterType="String" resultType="UserDto">
		select user_id, user_pwd, user_name, email, phone
		from user
		where user_id = #{userid}
	</select>
	
	<select id="login" parameterType="Map" resultType="UserDto">
		select user_id, user_pwd, user_name, email, phone
		from user
		where user_id = #{userid} and user_pwd =#{userpwd}
	</select>
	
	<resultMap type="UserDto" id="UserList">
		<result column="user_id" property="userid"/>
		<result column="user_pwd" property="userpwd"/>
		<result column="email" property="email"/>
		<result column="phone" property="phone"/>
		<result column="dongcode" property="dongcode"/>
		<result column="favorite" property="favorite"/>
	</resultMap>
	
	<select id="selectAll" resultMap="UserList">
		select user_id, user_pwd, user_name, email, phone
		from user
	</select>
	
	<select id="insert" parameterType="UserDto">
		insert into user(user_id, user_pwd, user_name, email, phone)
		values(#{userid}, #{userpwd}, #{username}, #{email}, #{phone})
	</select>
	
	<select id="update" parameterType="UserDto">
		update user
		set user_pwd=#{userpwd}, user_name = #{username}, email=#{email}, phone=#{phone}
		where user_id = #{userid}
	</select>
	
	<select id="delete" parameterType="String">
		delete from user
		where user_id = #{userid}
	</select>
	
	<resultMap type="UserFavoriteDto" id="FavoriteList">
		<result column="user_id" property="userid"/>
		<result column="dongCode" property="dongCode"/>
	</resultMap>
	
	<select id="selectFavorite" parameterType="String" resultMap="FavoriteList">
		select user_id, dongCode
		from favorite
		where user_id =#{userid}
	</select>
	
	<select id="getdongcode" parameterType="String" resultType="String">
		select dongCode
		from dongcode
		where dongName = #{dongname}
	</select>
	
	<select id="insertFavorite" parameterType="UserFavoriteDto">
		insert into favorite(user_id, dongCode)
		values(#{userid}, #{dongCode})
	</select>
	
	<select id="deleteFavorite" parameterType="UserFavoriteDto">
		delete from favorite
		where user_id = #{userid} and dongCode = #{dongCode}
	</select>
	
	<select id="deleteFavoriteAll" parameterType="String">
		delete from favorite
		where user_id = #{userid}
	</select>
	
	<select id="getpwd" parameterType="String" resultType="String">
		select user_pwd
		from user
		where user_id =#{userid} and user_name=#{username}
	</select>

</mapper>